buru phase 1 => polygons/buru_buru_phase_1.txt
buru buru phase 1 => polygons/buru_buru_phase_1.txt
buru => polygons/buru_buru.txt
buru buru => polygons/buru_buru.txt
buru-buru => polygons/buru_buru.txt
hurlingham => polygons/hurlingham.txt
hurlingam => polygons/hurlingham.txt
hulingham => polygons/hurlingham.txt
hulingam => polygons/hurlingham.txt
joyland => polygons/joyland.txt
joy land => polygons/joyland.txt
kariobangi south => polygons/kariobangi_south.txt
k south => polygons/kariobangi_south.txt
kasarani => polygons/kasarani.txt
kasa => polygons/kasarani.txt
kawangware => polygons/kawangware.txt
ungwaro => polygons/kawangware.txt
kilimani => polygons/kilimani.txt
kili => polygons/kilimani.txt
lower kabete => polygons/lower_kabete.txt
pangani => polygons/pangani.txt
pango => polygons/pangani.txt
roysambu => polygons/roysambu.txt
roysa => polygons/roysambu.txt
ruaka => polygons/ruaka.txt
south c => polygons/south_c.txt
southc => polygons/south_c.txt
south_c => polygons/south_c.txt
thigiri => polygons/thigiri.txt
thindigwa => polygons/thindigwa.txt
trm => polygons/trm.txt
usiu => polygons/usiu.txt
